hour,skip_rate
0,0.48936170212765956
1,0.3611111111111111
2,0.6
3,0.45
4,0.5
5,0.4673913043478261
6,0.4634146341463415
7,0.4393530997304582
8,0.48490945674044267
9,0.3904382470119522
10,0.48243559718969553
11,0.4609756097560976
12,0.45161290322580644
13,0.42748091603053434
14,0.47139588100686497
15,0.4099616858237548
16,0.4838709677419355
17,0.4581497797356828
18,0.43458980044345896
19,0.4354166666666667
20,0.4517593643586833
21,0.4801178203240059
22,0.4844124700239808
23,0.4644808743169399
