context,skip_rate
album,0.45571499257793174
playlist,0.45080946450809467
radio,0.4457912457912458
recommendation,0.45690834473324216
search,0.4582104228121927
