genre,skip_rate
classical,0.47010309278350515
country,0.4686234817813765
electronic,0.4542553191489362
hip-hop,0.44885799404170806
indie,0.4336734693877551
jazz,0.4460562103354488
metal,0.4264705882352941
pop,0.46267087276551
r&b,0.46917148362235067
rock,0.44865403788634095
